name,description,productImages,rating,reviews,createdAt,category,subCategory,productType,price,stock,storageSize,color,tags,brand
Canon EOS R5,High-end mirrorless camera with 8K video,https://www.bl2.it/26378-large_default/canon-eos-r5-c-mirrorless-cinema-camera.jpg|https://cdn11.bigcommerce.com/s-q9x1seim3l/images/stencil/500x659/products/176/6312/1536120359_1433710-1__66865.1691129212.jpg?c=1|https://www.bl2.it/36911-large_default/canon-eos-r5-mark-ii-mirrorless-camera.jpg|https://encrypted-tbn0.gstatic.com/images?q=tbn:ANd9GcRDhWgBYKp1baU1kj1Req9ntlGPwmzXwXNLOjKnuGkjqrZ8GLYn7VX1VX0R4g_0EKKdKWU&usqp=CAU,,,2024-02-28,Cameras & Videos,DSLR & Mirrorless,mirrorless,3500,10,64|128|256,black,,Canon
Nikon Z9,Professional mirrorless camera with 45MP sensor,https://www.photoreview.com.au/wp-content/uploads/2022/01/Z9_angled_front-24-70mm-lens.jpg|https://www.imaging-resource.com/PRODS/nikon-z9/ZYFRONT-LG.JPG?44|https://i0.wp.com/pcstore.pk/wp-content/uploads/2023/06/z9-3.png?fit=1140%2C1140&ssl=1,,,2024-02-28,Cameras & Videos,DSLR & Mirrorless,mirrorless,5500,5,128|256,black,hotDeal,Nikon
Sony A7 IV,33MP full-frame mirrorless camera,https://i.pinimg.com/736x/fb/24/be/fb24be811b242682bd629368f1009162.jpg|https://www.newsshooter.com/wp-content/uploads/2020/07/Alpha-7S-III_top_SEL1635GM-740x976.jpg|https://sony.scene7.com/is/image/sonyglobalsolutions/01_SlideShow_4_Desktop-2?$productshotPreset$&fmt=png-alpha&wid=515&hei=515&trf=trim ,,,2024-02-28,Cameras & Videos,DSLR & Mirrorless,mirrorless,2500,20,64|256,black|silver,featured,Sony
GoPro HERO12,5.3K action camera with HyperSmooth stabilization,https://cdn11.bigcommerce.com/s-1nktaieb4v/images/stencil/1280x1280/products/37454/79909/gopro-hero-12-black__80828.1704424642.jpg?c=1|https://gopro.com/on/demandware.static/-/Sites-gopro-products/default/dw7954e936/images/Product%20Images/cameras/CHDFB-121-master/plp-product-card-H12CE.png|https://static0.pocketlintimages.com/wordpress/wp-content/uploads/2024/08/gopro-hero-12.jpg|https://www.cameradeals.nl/wp-content/uploads/2023/09/GoPro-Hero-12-Black-Creator-edition-actioncamera-prijzen-en-uitvoeringen-camera-deals-1024x1024.jpg,,,2024-02-28,Cameras & Videos,Action Cameras,action camera,500,50,128|256,black,specialOffer,GoPro
DJI Osmo Action 4,Waterproof 4K action camera,https://www.dpreview.com/files/p/articles/6181357891/2Osmo_Action_4_camera.png|https://se-cdn.djiits.com/tpc/uploads/spu/cover/e1b8110f65a5a3321fe487f0a1a061ac@xlarge.png|https://www-cdn.djiits.com/cms/uploads/556555c9af81d5aa3874cdae6bb4cd87.png|https://www.adorama.com/images/Large/DJICPOS37701.jpg|https://media.sweetwater.com/m/products/image/ad732fa662hHYMmhh04uFsJa8CVPGFZ7on7RAyH9.jpg?v=ad732fa662e1390f ,,,2024-02-28,Cameras & Videos,Action Cameras,action camera,400,30,64,black,,DJI
Insta360 X3,360-degree action camera with AI editing,https://images.squarespace-cdn.com/content/v1/5b4544e485ede17941bc95fc/2e0f104a-9b5b-486b-a5f9-055184d635b9/insta360-x3.jpg|https://res.insta360.com/dynamic/store/28d05f9004094b2447b7d167532a77cd/2673_4d3117de-ff43-4f5e-ba5b-48b13fe975a7.png|https://www.cined.com/content/uploads/2022/09/Insta360X3_FrontLeftRight.jpg|https://www.lib.ncsu.edu/sites/default/files/Group%20350.png ,,,2024-02-28,Cameras & Videos,Action Cameras,action camera,450,25,64|128,black|blue,hotDeal,Insta360
GoPro Chest Mount,Adjustable harness for hands-free shooting,https://static.gopro.com/assets/blta2b8522e5372af40/blt571e527fa0e6397f/62fd54fb50ee4d10990d71bf/pdp-h11b-chesty-gallery-1.png|https://cdn11.bigcommerce.com/s-e9bd7/images/stencil/1280x1280/products/15246/12198/Unknown_19__33320.1412609715.jpg?c=2|https://m.media-amazon.com/images/I/81Z0zGrA6bL.jpg|https://www.proutvparts.com/cdn/shop/files/g_f493a880-0e14-40c8-821c-b927610e6113_1024x1024@2x.webp?v=1720544171,,,2024-02-28,Cameras & Videos,Action Cameras,accessories,50,100,32|64,black,,GoPro
Sony FDR-AX700,4K camcorder with advanced autofocus,https://m.media-amazon.com/images/I/6100qlc+NFL.jpg|https://mpex.com/pub/media/catalog/product/cache/2264c9e38777ed202d5c3170a063a3cf/s/o/son1610c.jpg|https://www.adorama.com/images/Large/SOFDRAX700_7.jpg ,,,2024-02-28,Cameras & Videos,Camcorders,4K video,1600,10,128,black,featured,Sony
Canon XA55,Professional handheld camcorder with dual XLR,https://www.glazerscamera.com/cdn/shop/products/XA75_Overview_875x700.png?v=1666313132|https://cdn11.bigcommerce.com/s-fc1fc/images/stencil/1280x1280/products/56816/195804/1662540403_IMG_1831965__84347.1707412980.jpg?c=2|https://i1.adis.ws/i/canon/gallery_xa55-xa50-bck-01_fa2b5c1f11a24e3bb90416a948b80f7e?$tile-gallery-jpg$|https://i1.adis.ws/i/canon/gallery_xa55-xa50-body-handle-01_47ead0b2008e413da0a80b93dedd19f2?$tile-gallery-jpg$ ,,,2024-02-28,Cameras & Videos,Camcorders,handheld,2500,8,64,black,,Canon
Rode VideoMic Pro+,High-quality on-camera microphone for video recording,"https://m.media-amazon.com/images/I/51PrrA-z7kL._AC_UF894,1000_QL80_.jpg|https://images-us-prod.cms.commerce.dynamics.com/cms/api/hbzzfqllpg/imageFileData/search?fileName=/Products%2F464ADI098_000_001.png&fallback=/Products/V464ADI098_000_001.jpg,/Products/V464ADI098_000_001.png,/Products/V464ADI098_000_001.webp&w=0&h=772&q=75&m=6&f=jpg|https://images-us-prod.cms.commerce.dynamics.com/cms/api/hbzzfqllpg/imageFileData/search?fileName=/Products%2F464ADI098_000_001.png&fallback=/Products/V464ADI098_000_001.jpg,/Products/V464ADI098_000_001.png,/Products/V464ADI098_000_001.webp&w=0&h=772&q=75&m=6&f=jpg|https://media.sweetwater.com/m/products/image/bbe1ec9b57esmXBF7PtaIEc5RBXZcRgGpxrCYww4.wm-dh.jpg?quality=82&height=750&ha=bbe1ec9b57c79c85 ",,,2024-02-28,Cameras & Videos,Camcorders,microphones,299,50,32,black,specialOffer,Rode
DJI Mavic 3,High-end drone with Hasselblad camera,https://se-cdn.djiits.com/tpc/uploads/spu/cover/5e41e7a3caed3fe35ada2822224f94a8@xlarge.png|https://www.decalgirl.com/cdn/shop/files/djim3-ss-blk.jpg?v=1718634637|https://img.freepik.com/free-psd/flying-drone-with-camera-cutout-isolated-transparent-background_84443-1808.jpg|https://assets.mmsrg.com/isr/166325/c1/-/ASSET_MMS_107449351/fee_786_587_png ,,,2024-02-28,Cameras & Videos,Drones,dji,2200,15,128|256,gray,,DJI
BetaFPV Cetus Pro,Beginner FPV racing drone kit,https://betafpv.com/cdn/shop/products/cetus_pro_1_1024x1024.jpg?v=1631005259|https://img.heliland.com/wp-content/uploads/2022/11/cetus_pro_2_1080x.png|https://betafpv.com/cdn/shop/products/CetusXBrushlessQuadcopter_6_1080x.jpg?v=1659946058|https://betafpv.com/cdn/shop/products/e6daf90e0e73e13cc28988e90079f7ff_1080x.jpg?v=1624932386 ,,,2024-02-28,Cameras & Videos,Drones,fpv racing,300,30,16|64,white|black,hotDeal,BetaFPV
Zhiyun Crane M3,Compact gimbal stabilizer for cameras,https://woodwardcamera.com/cdn/shop/products/qv3u4laymrqeipvyewoy.jpg?v=1685480488|https://theiabm.org/wp-content/uploads/2021/11/crane-m3-4.jpg|https://m.media-amazon.com/images/I/71fhjwADCWL.jpg|https://woodwardcamera.com/cdn/shop/products/ec47rf7lj8v16qegppom_500x.jpg?v=1685480488 ,,,2024-02-28,Cameras & Videos,Drones,gimbals,400,25,64,white,,Zhiyun
DJI Mini 3 Pro ND Filters,Set of ND filters for Mini 3 Pro drone,https://kolarivision.com/wp-content/uploads/2022/07/M3Pro-2-5Set_white-background-product-shot-11132023.jpg|https://www.polarpro.com/cdn/shop/products/MINI-3-PRO-FX-2_2d850471-8287-450b-aa7a-869fd4b1dcbe.jpg?v=1658204233&width=1200|https://kolarivision.com/wp-content/uploads/2022/07/M3Pro-2-9Set_white-background-product-shot.jpg|https://www.adorama.com/images/Large/DJIOP3ND.jpg ,,,2024-02-28,Cameras & Videos,Drones,accessories,80,50,32,black,featured,DJI
HP Pavilion All-in-One,All-in-one desktop with touchscreen,https://i5.walmartimages.com/seo/HP-21-5-All-in-One-PC-Intel-Pentium-8GB-Memory-128GB-SSD-Windows-11-Home-S-mode-White-22-dd0143w_1806b27a-dd82-4325-b5c1-48e32fa74c2b.da6e34a06b5222b277f51f0584ca95ce.jpeg|https://m.media-amazon.com/images/I/71VHrZdcAqL._AC_SL1500_.jpg|https://m.media-amazon.com/images/I/61BfSHmG2VL.jpg ,,,2024-02-28,Computers & Laptops,Desktop Computers,All-in-One,1200,15,256|512,black,,HP
Alienware Aurora R12,Gaming desktop with Intel i9 processor,https://m.media-amazon.com/images/I/71pWbP-h1HL.jpg|https://m.media-amazon.com/images/I/61bndjeigtL.jpg|https://i5.walmartimages.com/asr/76e1772d-0947-4374-82e2-e63b727ff845.3ac853da6fa427123b9e7d62bc234daa.jpeg?odnHeight=768&odnWidth=768&odnBg=FFFFFF|https://i0.wp.com/cdnssl.ubergizmo.com/wp-content/uploads/2021/10/alienware-aurora-with-legend-2_01.jpg ,,,2024-02-28,Computers & Laptops,Desktop Computers,Gaming,1800,30,512|1024,black|white,hotDeal,Dell
Lenovo ThinkCentre,Compact business desktop with Intel i5,https://p2-ofp.static.pub/fes/cms/2023/04/17/p2ro5mpxaqy9e8m43dzr7vp8dp14ku560552.png|https://p4-ofp.static.pub//fes/cms/2024/05/13/y3stcq567yk5ss276wkt9wqnnc6q38758463.png|https://p2-ofp.static.pub/ShareResource/na/products/thinkcentre/584x584/lenovo-thinkcentre-m75q-gen5-stand.png|https://p1-ofp.static.pub/ShareResource/na/products/thinkcentre/560x450/lenovo-thinkcentre-m75s-front.png ,,,2024-02-28,Computers & Laptops,Desktop Computers,Business,700,25,256|512,black,,Lenovo
Apple iMac 24-inch,24-inch all-in-one with M1 chip,https://store.storeimages.cdn-apple.com/4982/as-images.apple.com/is/refurb-imac-24-no-id-silver-2021_AV1?wid=2000&hei=2000&fmt=jpeg&qlt=90&.v=1638564538000|https://m.media-amazon.com/images/I/51afAQocEQL.jpg|https://m.media-amazon.com/images/I/71KCBVOSvzL.jpg|https://store.storeimages.cdn-apple.com/4982/as-images.apple.com/is/refurb-imac-24-no-id-green-2021?wid=2000&hei=2000&fmt=jpeg&qlt=90&.v=1638564540000 ,,,2024-02-28,Computers & Laptops,Desktop Computers,All-in-One,1600,12,512|1024,spaceGray,specialOffer,Apple
Asus ROG Strix G15,Gaming laptop with NVIDIA RTX 3070,https://m.media-amazon.com/images/I/81aaaWX8UcL.jpg|https://guide-images.cdn.ifixit.com/igi/xUsKQIyFtw1aGFWj.large|https://m.media-amazon.com/images/I/81aFODf+W-L.jpg|https://i5.walmartimages.com/seo/ASUS-G513RM-WS74-ROG-Strix-15-6-QHD-Ryzen-7-6800H-3-2GHz-NVIDIA-GeForce-RTX-3060-6GB-16GB-RAM-1TB-SSD-Win-11-Home-Eclipse-Gray_04091e54-aaa9-435d-a80d-0c628e62aa0b.320e626cf93887dba7e3f4e15841f6dc.jpeg?odnHeight=768&odnWidth=768&odnBg=FFFFFF ,,,2024-02-27,Computers & Laptops,Laptops,Gaming,2200,20,512|1024,black|blue,hotDeal,Asus
Dell XPS 13,Ultra-portable ultrabook with Intel i7,https://www.dotcom.com.pk/wp-content/uploads/2021/12/Untitled-3-7.jpg|https://platform.theverge.com/wp-content/uploads/sites/2/chorus/uploads/chorus_asset/file/22423130/XPS_13_black_open_up_right.jpg?quality=90&strip=all&crop=0%2C16.666666666667%2C100%2C66.666666666667&w=2400|https://www.dotcom.com.pk/wp-content/uploads/2021/11/Untitled-1-4.png ,,,2024-02-25,Computers & Laptops,Laptops,Ultrabooks,1500,50,256|512,gray,,Dell
MacBook Pro 14-inch,14-inch laptop with M1 Pro chip,https://next-one.store/userfiles/99c63cdc-695e-4e6f-928f-85f4e6dfa7d5/gallery/macbookpro_14_inch_white_05_square.png|https://5.imimg.com/data5/BA/KF/OF/SELLER-81664477/apple-macbook-pro.jpg|https://assets.superhivemarket.com/store/productimage/833700/image/xlarge-f405fbb85fbc8c0900e33a59beed1342.png ,,,2024-02-23,Computers & Laptops,Laptops,MacBook,2400,40,512|1024,gray,specialOffer,Apple
HP Spectre x360,Convertible laptop with Intel i7,"https://www.hp.com/ca-en/shop/Html/Merch/Images/c08745438_1750x1285.jpg|https://www.firstshop.co.za/cdn/shop/files/a38t1ea-2-in-1-laptops-1129476055.jpg?v=1739307159&width=1214|https://platform.theverge.com/wp-content/uploads/sites/2/chorus/uploads/chorus_asset/file/22866437/1__1_.jpg?quality=90&strip=all&crop=0,0,100,100  ",,,2024-02-22,Computers & Laptops,Laptops,2-in-1,1700,35,256|512,black,,HP
Microsoft Surface Laptop 4,13-inch ultrabook with Intel i5,https://m.media-amazon.com/images/I/711jgF2LHPL.jpg|https://m.media-amazon.com/images/I/71fqq17kwAL.jpg|https://m.media-amazon.com/images/I/714d9Uo+CUL.jpg ,,,2024-02-20,Computers & Laptops,Laptops,Ultrabooks,1300,45,256|512,platinum,,Microsoft
Acer Nitro 5,Gaming laptop with NVIDIA RTX 3060,https://m.media-amazon.com/images/I/61D-VevIz+L.jpg|https://content.etilize.com/Alternate-Image19/1079534586.jpg|https://reebelo.com/_next/image?url=https%3A%2F%2Fcdn.reebelo.com%2Fpim%2Fproducts%2FP-ACERNITRO5AN51752GAMINGLAPTOP173INCH%2FBLA-image-0.jpg&w=640&q=75 ,,,2024-02-18,Computers & Laptops,Laptops,Gaming,1200,70,256|512,black|red,hotDeal,Acer
Logitech MX Master 3,Wireless keyboard with advanced features,"https://m.media-amazon.com/images/I/61xKiCADfpL.jpg|https://resource.logitech.com/c_fill,q_auto,f_auto,dpr_1.0/d_transparent.gif/content/dam/logitech/en/products/mice/mx-master-3s/migration-assets-for-delorean-2025/gallery/mx-master-3s-top-view-black.png|https://static.helixbeta.com/prod/16/3804/16_704463804.jpg|https://90a1c75758623581b3f8-5c119c3de181c9857fcb2784776b17ef.ssl.cf2.rackcdn.com/649515_405811_03_front_comping.jpg ",,,2024-02-17,Computers & Laptops,Accessories,Keyboards,100,200,,black,,Logitech
BenQ 27-inch Monitor,27-inch monitor with 4K resolution,https://m.media-amazon.com/images/I/61w7vsoAReL.jpg|https://image.benq.com/is/image/benqco/pd2706ua-left45?$ResponsivePreset$&fmt=png-alpha|https://image.benq.com/is/image/benqco/page-thumbnail-ew2790q?$ResponsivePreset$|https://image.benq.com/is/image/benqco/pd2706ua-back?$ResponsivePreset$&fmt=png-alpha ,,,2024-02-15,Computers & Laptops,Accessories,Monitors,450,60,,black,,BenQ
Razer Blade Stealth 13,Ultraportable gaming laptop,https://assets.razerzone.com/eeimages/support/products/1475/blade-stealth-13-2019-2.png|https://m.media-amazon.com/images/I/71fki3hFX1L.jpg|https://assets.hardwarezone.com/img/2019/08/razer-blade-stealth-13-2.jpg|https://www.bhphotovideo.com/images/fb/razer_rz09_03100em1_r3u1_13_3_blade_stealth_gaming_1521047.jpg ,,,2024-02-12,Computers & Laptops,Laptops,Ultrabooks,1800,25,256|512,black|green,featured,Razer
Samsung T7 Portable SSD,Portable external drive with USB-C,https://image-us.samsung.com/SamsungUS/home/computing/memory-and-storage/portable-solid-state-drives/portable-ssd-t7/08-01-2022/MU-PC500GB.1TB.2TB_004_L-Perspective_Black-1600x1200.jpg?$product-details-jpg$|https://image-us.samsung.com/SamsungUS/home/computing/memory-storage/portable-solid-state-drives/0603202435538/MU-PC500T_006_Dynamic-2_Black_1600x1200.jpg?$product-details-jpg$|https://image-us.samsung.com/SamsungUS/home/computing/01242022/MU-PC500GB.1TB.2TB_012_Dynamic2_Silver.jpg?$product-details-jpg$ ,,,2024-02-10,Computers & Laptops,Accessories,External Drives,90,150,,silver,,Samsung
TP-Link Archer AX6000,Wi-Fi 6 router for ultra-fast internet,https://cdn.cs.1worldsync.com/39/e2/39e21a3d-4171-4e3b-b0a5-3375819ee0ce.jpg|https://www.firefold.com/cdn/shop/products/AX6000_02_normal_1544079614026z.jpg?v=1607025291|https://static.nix.ru/images/tp-link-ax6000-4442912250.jpg?good_id=444291&width=500&height=500&view_id=2250 ,,,2024-02-08,Computers & Laptops,Networking,Routers,250,100,,black,,TP-Link
Ugreen Ethernet Cable,High-speed Ethernet cable for networking,"https://m.media-amazon.com/images/I/61YbszTZLrL._AC_UF1000,1000_QL80_.jpg|https://m.media-amazon.com/images/I/71Hte6hStUL._AC_UF1000,1000_QL80_.jpg|https://hurtel.com/hpeciai/68e646e1649b21a42e8da41a206fc82d/167525_1.jpg?41933 ",,,2024-02-05,Computers & Laptops,Networking,Ethernet Cables,15,300,,black,specialOffer,Ugreen
Samsung Galaxy S23,Latest Samsung smartphone with advanced features,https://www.phoneshock.it/wp-content/uploads/2024/07/15501895.jpeg|https://image-us.samsung.com/us/smartphones/galaxy-s23-ultra/images/localization/d3eco.png|https://image-us.samsung.com/us/smartphones/galaxy-s23-ultra/images/localization/d3eco.png|https://static1.xdaimages.com/wordpress/wp-content/uploads/2023/01/phantom-black-galaxy-s23-on-white-background-leaked-marketing-image.jpg ,,,2024-02-28,Smartphones,Samsung,,1200,50,128|256,black|white,featured,Samsung
Honor 90,Flagship Honor smartphone with 5G support,https://www.clove-technology.com/cdn/shop/files/honor-90-lite-silver-back_1200x.jpg?v=1688473994|https://www.savenearn.com.ph/cdn/shop/files/honor-90-5g-midnight-black-save-n-earn-01.png?v=1689906198|https://www.clove-technology.com/cdn/shop/files/honor-90-lite-silver-front-back_1200x.jpg?v=1688473994|https://www.dxomark.com/wp-content/uploads/medias/post-150729/Honor-90_featured-image-packshot-review-Recovered.jpg ,,,2024-02-28,Smartphones,Honor,,800,30,128|256,black,,Honor
Motorola Edge 30,Motorola smartphone with edge display,https://motorolaroe.vtexassets.com/arquivos/ids/156974/Motorola-edge30Ultra-pdp-render-ClarkWhite-6-uidfpbz5.png?v=638744658918370000|https://motorolaroe.vtexassets.com/arquivos/ids/156815/Motorola-edge-30-pdp-render-Mojito-4-31f5yjhf.png?v=637864930876170000|https://m.media-amazon.com/images/I/41Z6ZU5ThFL.jpg|https://motorolain.vtexassets.com/arquivos/ids/157690/motorola-edge30Ultra-pdp-ecom-render-ClarkWhite-dj33p8qn.png?v=637983580264230000 ,,,2024-02-28,Smartphones,Motorola,,700,40,128|256,blue,,Motorola
iPhone 14,Latest iPhone with A15 chip,https://www.apple.com/newsroom/images/product/iphone/standard/Apple-iPhone-14-Pro-iPhone-14-Pro-Max-silver-220907_inline.jpg.large.jpg|https://www.dxomark.com/wp-content/uploads/medias/post-125834/Apple-iPhone-14_FINAL_featured-image-packshot-review.jpg|https://static.vecteezy.com/system/resources/previews/011/765/918/non_2x/white-smartphone-model-apple-iphone-14-new-it-industry-original-wallpaper-mockup-for-web-design-on-a-white-background-free-vector.jpg ,,,2024-02-28,Smartphones,iPhone,,1000,60,128|256,black|gold,hotDeal,Apple
OnePlus 10 Pro,OnePlus flagship phone with 5G and AMOLED display,https://www.dxomark.com/wp-content/uploads/medias/post-111229/OnePlus-10-Pro_featured-image-packshot-review.jpg|https://www.gizmochina.com/wp-content/uploads/2021/11/oneplus_10_pro-600x600.png|https://fdn.gsmarena.com/imgroot/news/22/02/oneplus-10-pro-white/gallery/-315/gsmarena_004.jpg|https://www.globaltelecompk.com/wp-content/uploads/2022/07/OnePlus-10-Pro-5G-Price-in-Pakistan.jpg ,,,2024-02-28,Smartphones,OnePlus,,900,50,128|256,green,,OnePlus
Infinix Zero 5G,5G smartphone with a large screen,https://m.media-amazon.com/images/I/514KJW424sL.jpg|https://m.media-amazon.com/images/I/51TpUMrgwFL.jpg|https://www.greentelcom.ph/wp-content/uploads/2023/04/zero-5G-white.jpg|https://www.devicespecifications.com/images/model/5c3d5bd2/640/main.jpg ,,,2024-02-28,Smartphones,Infinix,,500,70,128|256,black,,Infinix
Nokia X100,Affordable 5G smartphone by Nokia,https://shop.accesswireless.com/wp-content/uploads/2023/09/Nokia_x100_5g_front1.png|https://images.ctfassets.net/wcfotm6rrl7u/6PXQikI42YvuS6mAgx796q/f0789ae0e8aec07fb1854b6c80b5ec20/nokia_X100-DTC-ANDROID-mobile.png|https://www.androidheadlines.com/wp-content/uploads/2021/11/Nokia-X100-Product-Photo-3.webp ,,,2024-02-28,Smartphones,Nokia,,400,80,64|128,blue,specialOffer,Nokia
Power Bank 10000mAh,Portable power bank for smartphones and devices,https://leedsproducts.brandeditems.com/wp-content/uploads/2024/12/Pwr-Pal-10000-mAh-Power-Bank-with-Integrated-Cable-7122-27-1.jpeg|https://sunslice-solar.com/cdn/shop/files/power-bank-10000mah.jpg?v=1708709182|https://www.baseus.com/cdn/shop/products/Baseus_Magnetic_Power_Bank_20W_10000mAh_White2_back_1200x.jpg?v=1670998971 ,,,2024-02-28,Mobile Accessories,Power Bank,,40,100,,black,,Anker
Belkin Universal Fast Charger & Adapter,Universal fast charger & adapter for mobile devices,https://m.media-amazon.com/images/I/616viHcA3nL.jpg|https://webobjects2.cdw.com/is/image/CDW/6437737?$product-main$|https://cdn11.bigcommerce.com/s-muk18pjqrv/images/stencil/1280x1280/products/276471/1231385/apim55gqe__00756.1646564954.jpg?c=1|https://www.belkin.com/dw/image/v2/BGBH_PRD/on/demandware.static/-/Sites-master-product-catalog-blk/default/dw45bb96e0/images/hi-res/2/37250f40909f31cd_belkin-WIZ029ttWH-Magnetic-Foldable-Charger-webgallery-PSU06-v01-us.jpg?sw=700&sh=700&sm=fit&sfrm=png ,,,2024-02-28,Mobile Accessories,Charger & Adapter,,20,200,,black,,Belkin
SanDisk Ultra 64GB MicroSD Card,MicroSD memory card for smartphones and cameras,https://m.media-amazon.com/images/I/51RnM7PX96L.jpg|https://i5.walmartimages.com/seo/SanDisk-32GB-Ultra-SDHC-UHS-I-Memory-Card-80MB-s-C10-Full-HD-SD-Card-SDSDUNC-032G-GN6IN_f6fa7ddd-ae1d-4703-89b7-13da85be969a.7b3d921c93d79610367ebafbed00bdf5.jpeg|https://shop.sandisk.com/content/dam/store/en-us/assets/products/memory-cards/ultra-uhs-i-microsd/gallery/ultra-uhs-i-microsd-64gb.png.wdthumb.319.319.webp|https://m.media-amazon.com/images/I/51Keukd-THL.jpg ,,,2024-02-28,Mobile Accessories,Memory Card,,15,300,,black,featured,SanDisk
Ugreen 3ft USB-C Fast Charging Cable,USB-C data cable for fast charging and data transfer,"https://m.media-amazon.com/images/I/51p0c1pOZeL.jpg|https://m.media-amazon.com/images/I/61bDJpFDUQL.jpg|https://m.media-amazon.com/images/I/71LcmBlvhxS._AC_UF1000,1000_QL80_.jpg|https://m.media-amazon.com/images/I/61VRT-4-jYL._AC_UF894,1000_QL80_.jpg ",,,2024-02-28,Mobile Accessories,Data Cable,,10,150,,black,,Ugreen
Spigen Shockproof Case for iPhone 15,Protective shockproof case for iPhone 15,"https://m.media-amazon.com/images/I/61BeEbc07EL.jpg|https://m.media-amazon.com/images/I/71T1sYDnKaL._AC_UF894,1000_QL80_.jpg|https://m.media-amazon.com/images/I/61chVYXQ2QL.jpg|https://m.media-amazon.com/images/I/61Fs-3EU6kL.jpg ",,,2024-02-28,Mobile Accessories,Case & Cover,,25,250,,black|blue,specialOffer,Spigen
Sony WH-1000XM5 Wireless Noise Cancelling Headphones,Wireless noise-canceling headphones with high-fidelity audio,https://m.media-amazon.com/images/I/61ULAZmt9NL.jpg|https://m.media-amazon.com/images/I/51aXvjzcukL.jpg|https://www.adorama.com/images/Large/SOWH1XM5BAK.jpg|https://www.moon-audio.com/cdn/shop/files/sony-wh-1000xm5-main-06__34204.1669671666.1280.1280.png?v=1719253286&width=600 ,,,2024-02-28,Mobile Accessories,Headphone,,150,180,,black,,Sony
Zagg Tempered Glass Screen Protector for iPhone & Android,Premium tempered glass screen protector for iPhone & Android,https://cdn11.bigcommerce.com/s-uv4dd6xvbk/images/stencil/1280x1280/products/2917/12769/iPhone_16_Glass_Elite_VG_E_Hero__31478.1726003390.jpg?c=1|https://m.media-amazon.com/images/I/71ypC4DZwdL.jpg|https://cdn11.bigcommerce.com/s-uv4dd6xvbk/images/stencil/original/products/2901/12471/200114862_iPhone%2016_Glass%20Elite%20AG_Overview__19942.1726003377.jpg?c=1|https://cdn11.bigcommerce.com/s-uv4dd6xvbk/images/stencil/1280x1280/products/2408/6717/200111597_iPhone%2015%20Pro%202023_Mort_Privacy_HERO__90678.1694539562.png?c=1 ,,,2024-02-28,Mobile Accessories,Protector,,10,400,,clear,,Zagg
"Samsung 55"" 4K UHD Smart LED TV",55-inch 4K UHD LED smart TV with HDR support,"https://i5.walmartimages.com/seo/SAMSUNG-55-Class-Curved-4K-2160P-Ultra-HD-Smart-LED-TV-UN55MU7500FXZA_07228983-7485-461b-a3f7-43612158b965_7.56bc5458aa039b190e3cc4d2d3956c2f.jpeg|https://s.yimg.com/ny/api/res/1.2/WLS4KPJUOy4C9ZfSyAHywQ--/YXBwaWQ9aGlnaGxhbmRlcjt3PTk2MDtoPTcyMA--/https://media.zenfs.com/en/digital_trends_973/1ff4f888b64a3bfc958f6bb811ec469d|https://www.startech.com.bd/image/cache/catalog/television/samsung/55tu8300/55tu8300-01-500x500.webp|https://bfasset.costco-static.com/U447IH35/as/9bx8g8fjq4k4cpvfrszfjm/9443072-847__1?auto=webp&amp;format=jpg&width=600&height=600&fit=bounds&canvas=600,600 ",,,2024-02-28,Electronics & Appliances,Television,,600,50,,black|silver,specialOffer,Samsung
LG Dual Inverter 1.5 Ton Split AC,Energy-efficient split air conditioner with dual inverter technology,https://www.lg.com/levant_en/images/air-conditioning-units/md07543625/gallery/D-6.jpg|https://www.lg.com/ae/images/split-air-conditioners/md05856560/D-01.jpg|https://www.lg.com/content/dam/channel/wcms/in/images/window-ac/rw-q18wuza_anlg_eail_in_c/gallery/RW-Q18WUZA-window-ac-front-view-perspective-DZ-05.jpg|https://mobileimages.lowes.com/productimages/668d15ac-6860-4d2e-a8c9-8ae008326695/10934075.jpg?size=pdhism ,,,2024-02-28,Electronics & Appliances,Air Conditioner,,500,30,,white,,LG
Honeywell Portable Ceramic Room Heater,Compact ceramic room heater with adjustable thermostat,https://www.honeywellstore.com/store/images/products/large_images/hce840b-heatgenius-ceramic-portable-heater.jpg|https://www.honeywellstore.com/store/images/products/large_images/hce840b-heatgenius-ceramic-portable-heater-2.jpg|https://target.scene7.com/is/image/Target/GUEST_52ce5b55-a7a7-4812-a509-cf72fc973413?wid=300&hei=300&fmt=pjpeg|https://i5.walmartimages.com/asr/d4944b14-45ed-4249-b158-142c9a72347e.0911859caf6abc994d598d9cc21d5034.jpeg?odnHeight=768&odnWidth=768&odnBg=FFFFFF ,,,2024-02-28,Electronics & Appliances,Room Heater,,50,100,,white,,Honeywell
Panasonic 5L Digital Rice Cooker,5-liter digital rice cooker with multi-cooking functions,https://m.media-amazon.com/images/I/51PXfBxnk+L.jpg|https://m.media-amazon.com/images/I/71qriwT+pQL.jpg|https://m.media-amazon.com/images/I/91JBqL5jToL.jpg ,,,2024-02-28,Electronics & Appliances,Rice Cooker,,70,150,,white,specialOffer,Panasonic
Whirlpool 4-Burner Gas Stove with Auto Ignition,4-burner gas stove with flame control and auto ignition,https://mobileimages.lowes.com/productimages/794ff725-7722-4b7d-bb67-ff22ae9095f4/00627083.jpg?size=pdhism|https://mobileimages.lowes.com/productimages/18c28049-7929-425d-9117-3f080adc1842/09870439.jpg?size=pdhism|https://mobileimages.lowes.com/productimages/51920d1b-bf2d-4bec-88fc-12c5040f2d45/68143683.jpeg ,,,2024-02-28,Electronics & Appliances,Gas Burner,,120,200,,black,,Whirlpool
Samsung 7kg Front Load Washing Machine,7kg front-load washing machine with eco-saving mode,https://images.samsung.com/is/image/samsung/p6pim/my/ww70t3020ww-fq/gallery/my-front-loading-washer-ww90t3040bwah-ww70t3020ww-fq-341418281?$684_547_PNG$|https://images.samsung.com/is/image/samsung/p6pim/my/ww70t3020ww-fq/gallery/my-front-loading-washer-ww90t3040bwah-ww70t3020ww-fq-341418271?$684_547_PNG$|https://images.samsung.com/is/image/samsung/p6pim/levant/ww70t554dan1fh/gallery/levant-front-loading-washer-ww10t554daws1-362624-ww70t554dan1fh-414049093?$684_547_PNG$ ,,,2024-02-28,Electronics & Appliances,Washing Machine,,400,80,,white,,Samsung
Sony HT-S40R 5.1 Channel Home Theater System,5.1 Channel home theater system with surround sound and wireless subwoofer,https://m.media-amazon.com/images/I/51m4NsZau4L.jpg|https://i5.walmartimages.com/asr/7df9b131-567d-426c-b8cb-8b55729838ff.2ad5119d91f471aaab0e5f0c068d07be.jpeg?odnHeight=768&odnWidth=768&odnBg=FFFFFF|https://www.sonylatvija.com/image/5ca56a68e9e3721758c3d68ce60104dd?fmt=png-alpha&wid=480 ,,,2024-02-28,Electronics & Appliances,Home Theater,,300,60,,black,,Sony